Task,Time_ms,Time_s
BasicStatistics,945.919,0.945919
Histogram,824.464,0.824464
Sort,27056.118,27.056118
PearsonCorrelation,2696.667,2.696667
MovingAverage,1428.344,1.428344
OutlierDetection,709.236,0.709236
TOTAL,33660.749,33.660749
