Task,Time_ms,Time_s
BasicStatistics,2468.451,2.468451
Histogram,245.488,0.245488
Sort,119489.661,119.489661
PearsonCorrelation,1925.782,1.925782
MovingAverage,88331.620,88.331620
OutlierDetection,1052.489,1.052489
Computation_Total,213513.491,213.513491
Communication_Overhead,402228.073,402.228073
Execution_Total,615741.565,615.741565
Overhead_Percent,65.32,-
