Task,Time_ms,Time_s
BasicStatistics,13.410,0.013410
Histogram,10.813,0.010813
Sort,367.047,0.367047
PearsonCorrelation,12.672,0.012672
MovingAverage,15.524,0.015524
OutlierDetection,7.412,0.007412
TOTAL,426.877,0.426877
