Task,Time_ms,Time_s
BasicStatistics,3422.872,3.422872
Histogram,1359.400,1.359400
Sort,44075.271,44.075271
PearsonCorrelation,7402.054,7.402054
MovingAverage,2706.653,2.706653
OutlierDetection,828.148,0.828148
TOTAL,59794.398,59.794398
